Th 0 TOTAL_D,Th 1 TOTAL_D,Th 2 TOTAL_D,Th 3 TOTAL_D,Th 4 TOTAL_D,Th 5 TOTAL_D,Th 6 TOTAL_D,Th 7 TOTAL_D
9264.063000,8494.063000,6848.912000,5994.041000,5311.095000,4413.818000,4263.401000,3583.800000
3325.265000,3223.036000,3240.324000,3258.052000,3273.159000,3291.570000,3308.278000,3327.372000
3987.749000,3879.147000,3896.416000,3914.447000,3931.083000,3948.646000,3222.657000,3248.447000
3220.479000,3116.767000,3133.700000,3150.601000,3167.080000,3184.241000,3202.383000,3219.520000
3196.522000,3093.707000,3111.180000,3128.753000,3144.618000,3162.251000,3179.945000,3197.603000
