Th 0 BCAST_S,Th 0 BCAST_E,Th 0 BCAST_D,Th 0 SCATTER_S,Th 0 SCATTER_E,Th 0 SCATTER_D,Th 0 COMPUTE_S,Th 0 COMPUTE_E,Th 0 COMPUTE_D,Th 0 GATHER_S,Th 0 GATHER_E,Th 0 GATHER_D,Th 1 BCAST_S,Th 1 BCAST_E,Th 1 BCAST_D,Th 1 SCATTER_S,Th 1 SCATTER_E,Th 1 SCATTER_D,Th 1 COMPUTE_S,Th 1 COMPUTE_E,Th 1 COMPUTE_D,Th 1 GATHER_S,Th 1 GATHER_E,Th 1 GATHER_D,Th 2 BCAST_S,Th 2 BCAST_E,Th 2 BCAST_D,Th 2 SCATTER_S,Th 2 SCATTER_E,Th 2 SCATTER_D,Th 2 COMPUTE_S,Th 2 COMPUTE_E,Th 2 COMPUTE_D,Th 2 GATHER_S,Th 2 GATHER_E,Th 2 GATHER_D,Th 3 BCAST_S,Th 3 BCAST_E,Th 3 BCAST_D,Th 3 SCATTER_S,Th 3 SCATTER_E,Th 3 SCATTER_D,Th 3 COMPUTE_S,Th 3 COMPUTE_E,Th 3 COMPUTE_D,Th 3 GATHER_S,Th 3 GATHER_E,Th 3 GATHER_D
2.371000,6713.386000,6711.015000,6856.911000,8616.802000,1759.891000,8690.029000,10393.006000,1702.977000,10412.875000,12094.287000,1681.412000,1.773000,5983.544000,5981.771000,6182.876000,6802.855000,619.979000,6804.812000,8107.912000,1303.100000,8109.726000,11657.728000,3548.002000,1.746000,4231.576000,4229.830000,4371.663000,5557.152000,1185.489000,5558.631000,7398.117000,1839.486000,7399.522000,8877.605000,1478.083000,1.671000,3895.532000,3893.861000,4098.952000,5863.866000,1764.914000,5865.374000,7623.412000,1758.038000,7624.724000,9456.150000,1831.426000
