"elt_size","nelt_x","nelt_y","nelt_z","npx","npy","npz","mean"
13,5,5,4,32,16,16,1.9108416738677
16,5,5,4,32,16,16,3.06785253952208
19,5,5,4,32,16,16,4.75202584289921
21,5,5,4,32,16,16,6.16275486308937
24,5,5,4,32,16,16,8.68301307401817
8,5,5,4,32,16,16,0.717230047502758
9,5,5,4,32,16,16,0.898074600000476
